{
    "iptm+ptm": {
        "model_1_multimer_v2_pred_0": 0.8707323852031881,
        "model_1_multimer_v2_pred_1": 0.8788399253067568,
        "model_1_multimer_v2_pred_2": 0.8572443605955972,
        "model_1_multimer_v2_pred_3": 0.8747068058188765,
        "model_1_multimer_v2_pred_4": 0.8742960906739429,
        "model_2_multimer_v2_pred_0": 0.8318115893279667,
        "model_2_multimer_v2_pred_1": 0.8377418097827423,
        "model_2_multimer_v2_pred_2": 0.8409388791182748,
        "model_2_multimer_v2_pred_3": 0.8366991790519103,
        "model_2_multimer_v2_pred_4": 0.83849012267849,
        "model_3_multimer_v2_pred_0": 0.8719263908931647,
        "model_3_multimer_v2_pred_1": 0.8735221421507566,
        "model_3_multimer_v2_pred_2": 0.8523895625090674,
        "model_3_multimer_v2_pred_3": 0.8680478445252605,
        "model_3_multimer_v2_pred_4": 0.8716880784272276,
        "model_4_multimer_v2_pred_0": 0.7400559881250675,
        "model_4_multimer_v2_pred_1": 0.8505505429896197,
        "model_4_multimer_v2_pred_2": 0.8408169941140029,
        "model_4_multimer_v2_pred_3": 0.7801556833961497,
        "model_4_multimer_v2_pred_4": 0.8490341394629396,
        "model_5_multimer_v2_pred_0": 0.845609467567681,
        "model_5_multimer_v2_pred_1": 0.8303878871617112,
        "model_5_multimer_v2_pred_2": 0.737592957855306,
        "model_5_multimer_v2_pred_3": 0.7681074513746113,
        "model_5_multimer_v2_pred_4": 0.7603875191469088
    },
    "order": [
        "model_1_multimer_v2_pred_1",
        "model_1_multimer_v2_pred_3",
        "model_1_multimer_v2_pred_4",
        "model_3_multimer_v2_pred_1",
        "model_3_multimer_v2_pred_0",
        "model_3_multimer_v2_pred_4",
        "model_1_multimer_v2_pred_0",
        "model_3_multimer_v2_pred_3",
        "model_1_multimer_v2_pred_2",
        "model_3_multimer_v2_pred_2",
        "model_4_multimer_v2_pred_1",
        "model_4_multimer_v2_pred_4",
        "model_5_multimer_v2_pred_0",
        "model_2_multimer_v2_pred_2",
        "model_4_multimer_v2_pred_2",
        "model_2_multimer_v2_pred_4",
        "model_2_multimer_v2_pred_1",
        "model_2_multimer_v2_pred_3",
        "model_2_multimer_v2_pred_0",
        "model_5_multimer_v2_pred_1",
        "model_4_multimer_v2_pred_3",
        "model_5_multimer_v2_pred_3",
        "model_5_multimer_v2_pred_4",
        "model_4_multimer_v2_pred_0",
        "model_5_multimer_v2_pred_2"
    ]
}